instance,run_type,run,n_jobs,n_tools,magazine_size,variation,n_switches,run_time,author
yan_8_15_10_1,TOOLSEQ-SD,0,8,15,10,1,5,0.957,yan
yan_8_15_10_1,TOOLSEQ-SD,1,8,15,10,1,5,1.147,yan
yan_8_15_10_1,TOOLSEQ-SD,3,8,15,10,1,5,1.123,yan
yan_8_15_10_1,TOOLSEQ-SD,2,8,15,10,1,5,1.207,yan
yan_8_15_10_1,TOOLSEQ-SD,4,8,15,10,1,5,1.136,yan
yan_8_15_10_1,ORDERED-SD,4,8,15,10,1,5,1.036,yan
yan_8_15_10_1,ORDERED-SD,0,8,15,10,1,5,0.905,yan
yan_8_15_10_1,ORDERED-SD,1,8,15,10,1,5,1.053,yan
yan_8_15_10_1,ORDERED-SD,3,8,15,10,1,5,1.049,yan
yan_8_15_10_1,ORDERED-SD,2,8,15,10,1,5,1.076,yan
yan_8_15_10_1,RANDOM-SD,4,8,15,10,1,5,1.087,yan
yan_8_15_10_1,RANDOM-SD,2,8,15,10,1,5,1.069,yan
yan_8_15_10_1,RANDOM-SD,3,8,15,10,1,5,1.062,yan
yan_8_15_10_1,RANDOM-SD,1,8,15,10,1,5,1.037,yan
yan_8_15_10_1,RANDOM-SD,0,8,15,10,1,5,0.899,yan
yan_8_15_10_2,TOOLSEQ-SD,0,8,15,10,2,5,1.005,yan
yan_8_15_10_2,TOOLSEQ-SD,1,8,15,10,2,5,1.2,yan
yan_8_15_10_2,TOOLSEQ-SD,3,8,15,10,2,5,1.28,yan
yan_8_15_10_2,TOOLSEQ-SD,2,8,15,10,2,5,1.172,yan
yan_8_15_10_2,TOOLSEQ-SD,4,8,15,10,2,5,1.323,yan
yan_8_15_10_2,ORDERED-SD,4,8,15,10,2,5,1.105,yan
yan_8_15_10_2,ORDERED-SD,0,8,15,10,2,5,0.894,yan
yan_8_15_10_2,ORDERED-SD,1,8,15,10,2,5,1.126,yan
yan_8_15_10_2,ORDERED-SD,3,8,15,10,2,5,1.103,yan
yan_8_15_10_2,ORDERED-SD,2,8,15,10,2,5,1.102,yan
yan_8_15_10_2,RANDOM-SD,4,8,15,10,2,5,1.071,yan
yan_8_15_10_2,RANDOM-SD,2,8,15,10,2,5,1.206,yan
yan_8_15_10_2,RANDOM-SD,3,8,15,10,2,5,1.085,yan
yan_8_15_10_2,RANDOM-SD,1,8,15,10,2,5,1.182,yan
yan_8_15_10_2,RANDOM-SD,0,8,15,10,2,5,0.878,yan
yan_8_15_10_3,TOOLSEQ-SD,0,8,15,10,3,5,1.084,yan
yan_8_15_10_3,TOOLSEQ-SD,1,8,15,10,3,5,1.072,yan
yan_8_15_10_3,TOOLSEQ-SD,3,8,15,10,3,5,1.092,yan
yan_8_15_10_3,TOOLSEQ-SD,2,8,15,10,3,5,1.006,yan
yan_8_15_10_3,TOOLSEQ-SD,4,8,15,10,3,5,1.003,yan
yan_8_15_10_3,ORDERED-SD,4,8,15,10,3,5,1.081,yan
yan_8_15_10_3,ORDERED-SD,0,8,15,10,3,5,0.989,yan
yan_8_15_10_3,ORDERED-SD,1,8,15,10,3,5,1.055,yan
yan_8_15_10_3,ORDERED-SD,3,8,15,10,3,5,1.036,yan
yan_8_15_10_3,ORDERED-SD,2,8,15,10,3,5,1.006,yan
yan_8_15_10_3,RANDOM-SD,4,8,15,10,3,5,1.043,yan
yan_8_15_10_3,RANDOM-SD,2,8,15,10,3,5,1.07,yan
yan_8_15_10_3,RANDOM-SD,3,8,15,10,3,5,1.012,yan
yan_8_15_10_3,RANDOM-SD,1,8,15,10,3,5,0.989,yan
yan_8_15_10_3,RANDOM-SD,0,8,15,10,3,5,0.957,yan
yan_8_15_10_4,TOOLSEQ-SD,0,8,15,10,4,5,0.993,yan
yan_8_15_10_4,TOOLSEQ-SD,1,8,15,10,4,5,1.183,yan
yan_8_15_10_4,TOOLSEQ-SD,3,8,15,10,4,5,1.13,yan
yan_8_15_10_4,TOOLSEQ-SD,2,8,15,10,4,5,1.189,yan
yan_8_15_10_4,TOOLSEQ-SD,4,8,15,10,4,5,1.155,yan
yan_8_15_10_4,ORDERED-SD,4,8,15,10,4,5,1.063,yan
yan_8_15_10_4,ORDERED-SD,0,8,15,10,4,5,0.949,yan
yan_8_15_10_4,ORDERED-SD,1,8,15,10,4,5,0.953,yan
yan_8_15_10_4,ORDERED-SD,3,8,15,10,4,5,1.075,yan
yan_8_15_10_4,ORDERED-SD,2,8,15,10,4,5,0.994,yan
yan_8_15_10_4,RANDOM-SD,4,8,15,10,4,5,1.002,yan
yan_8_15_10_4,RANDOM-SD,2,8,15,10,4,5,1.068,yan
yan_8_15_10_4,RANDOM-SD,3,8,15,10,4,5,0.967,yan
yan_8_15_10_4,RANDOM-SD,1,8,15,10,4,5,1.025,yan
yan_8_15_10_4,RANDOM-SD,0,8,15,10,4,5,0.969,yan
yan_8_15_10_5,TOOLSEQ-SD,0,8,15,10,5,5,1.045,yan
yan_8_15_10_5,TOOLSEQ-SD,1,8,15,10,5,5,1.247,yan
yan_8_15_10_5,TOOLSEQ-SD,3,8,15,10,5,5,1.148,yan
yan_8_15_10_5,TOOLSEQ-SD,2,8,15,10,5,5,1.138,yan
yan_8_15_10_5,TOOLSEQ-SD,4,8,15,10,5,5,1.077,yan
yan_8_15_10_5,ORDERED-SD,4,8,15,10,5,5,1.197,yan
yan_8_15_10_5,ORDERED-SD,0,8,15,10,5,5,0.865,yan
yan_8_15_10_5,ORDERED-SD,1,8,15,10,5,5,1.184,yan
yan_8_15_10_5,ORDERED-SD,3,8,15,10,5,5,1.158,yan
yan_8_15_10_5,ORDERED-SD,2,8,15,10,5,5,1.137,yan
yan_8_15_10_5,RANDOM-SD,4,8,15,10,5,5,1.216,yan
yan_8_15_10_5,RANDOM-SD,2,8,15,10,5,5,1.082,yan
yan_8_15_10_5,RANDOM-SD,3,8,15,10,5,5,1.309,yan
yan_8_15_10_5,RANDOM-SD,1,8,15,10,5,5,1.205,yan
yan_8_15_10_5,RANDOM-SD,0,8,15,10,5,5,0.951,yan
yan_8_15_10_6,TOOLSEQ-SD,0,8,15,10,6,5,1.058,yan
yan_8_15_10_6,TOOLSEQ-SD,1,8,15,10,6,5,1.124,yan
yan_8_15_10_6,TOOLSEQ-SD,3,8,15,10,6,5,1.066,yan
yan_8_15_10_6,TOOLSEQ-SD,2,8,15,10,6,5,1.155,yan
yan_8_15_10_6,TOOLSEQ-SD,4,8,15,10,6,5,1.018,yan
yan_8_15_10_6,ORDERED-SD,4,8,15,10,6,5,0.995,yan
yan_8_15_10_6,ORDERED-SD,0,8,15,10,6,5,1.002,yan
yan_8_15_10_6,ORDERED-SD,1,8,15,10,6,5,1.05,yan
yan_8_15_10_6,ORDERED-SD,3,8,15,10,6,5,1.076,yan
yan_8_15_10_6,ORDERED-SD,2,8,15,10,6,5,1.039,yan
yan_8_15_10_6,RANDOM-SD,4,8,15,10,6,5,1.147,yan
yan_8_15_10_6,RANDOM-SD,2,8,15,10,6,5,1.128,yan
yan_8_15_10_6,RANDOM-SD,3,8,15,10,6,5,1.082,yan
yan_8_15_10_6,RANDOM-SD,1,8,15,10,6,5,1.104,yan
yan_8_15_10_6,RANDOM-SD,0,8,15,10,6,5,1.049,yan
yan_8_15_10_7,TOOLSEQ-SD,0,8,15,10,7,5,1.086,yan
yan_8_15_10_7,TOOLSEQ-SD,1,8,15,10,7,5,1.048,yan
yan_8_15_10_7,TOOLSEQ-SD,3,8,15,10,7,5,1.135,yan
yan_8_15_10_7,TOOLSEQ-SD,2,8,15,10,7,5,1.012,yan
yan_8_15_10_7,TOOLSEQ-SD,4,8,15,10,7,5,1.084,yan
yan_8_15_10_7,ORDERED-SD,4,8,15,10,7,5,1.015,yan
yan_8_15_10_7,ORDERED-SD,0,8,15,10,7,5,1.008,yan
yan_8_15_10_7,ORDERED-SD,1,8,15,10,7,5,0.986,yan
yan_8_15_10_7,ORDERED-SD,3,8,15,10,7,5,0.95,yan
yan_8_15_10_7,ORDERED-SD,2,8,15,10,7,5,0.952,yan
yan_8_15_10_7,RANDOM-SD,4,8,15,10,7,5,1.049,yan
yan_8_15_10_7,RANDOM-SD,2,8,15,10,7,5,0.966,yan
yan_8_15_10_7,RANDOM-SD,3,8,15,10,7,5,1.024,yan
yan_8_15_10_7,RANDOM-SD,1,8,15,10,7,5,0.971,yan
yan_8_15_10_7,RANDOM-SD,0,8,15,10,7,5,0.967,yan
yan_8_15_10_8,TOOLSEQ-SD,0,8,15,10,8,5,1.094,yan
yan_8_15_10_8,TOOLSEQ-SD,1,8,15,10,8,5,1.118,yan
yan_8_15_10_8,TOOLSEQ-SD,3,8,15,10,8,5,1.136,yan
yan_8_15_10_8,TOOLSEQ-SD,2,8,15,10,8,5,1.102,yan
yan_8_15_10_8,TOOLSEQ-SD,4,8,15,10,8,5,1.121,yan
yan_8_15_10_8,ORDERED-SD,4,8,15,10,8,5,1.055,yan
yan_8_15_10_8,ORDERED-SD,0,8,15,10,8,5,1.014,yan
yan_8_15_10_8,ORDERED-SD,1,8,15,10,8,5,1.062,yan
yan_8_15_10_8,ORDERED-SD,3,8,15,10,8,5,1.032,yan
yan_8_15_10_8,ORDERED-SD,2,8,15,10,8,5,1.012,yan
yan_8_15_10_8,RANDOM-SD,4,8,15,10,8,5,1.097,yan
yan_8_15_10_8,RANDOM-SD,2,8,15,10,8,5,1.012,yan
yan_8_15_10_8,RANDOM-SD,3,8,15,10,8,5,1.05,yan
yan_8_15_10_8,RANDOM-SD,1,8,15,10,8,5,1.029,yan
yan_8_15_10_8,RANDOM-SD,0,8,15,10,8,5,1.034,yan
yan_8_15_10_9,TOOLSEQ-SD,0,8,15,10,9,5,1.29,yan
yan_8_15_10_9,TOOLSEQ-SD,1,8,15,10,9,5,1.131,yan
yan_8_15_10_9,TOOLSEQ-SD,3,8,15,10,9,5,1.034,yan
yan_8_15_10_9,TOOLSEQ-SD,2,8,15,10,9,5,1.141,yan
yan_8_15_10_9,TOOLSEQ-SD,4,8,15,10,9,5,1.084,yan
yan_8_15_10_9,ORDERED-SD,4,8,15,10,9,5,1.055,yan
yan_8_15_10_9,ORDERED-SD,0,8,15,10,9,5,1.265,yan
yan_8_15_10_9,ORDERED-SD,1,8,15,10,9,5,1.006,yan
yan_8_15_10_9,ORDERED-SD,3,8,15,10,9,5,1.035,yan
yan_8_15_10_9,ORDERED-SD,2,8,15,10,9,5,1.001,yan
yan_8_15_10_9,RANDOM-SD,4,8,15,10,9,5,1.03,yan
yan_8_15_10_9,RANDOM-SD,2,8,15,10,9,5,1.01,yan
yan_8_15_10_9,RANDOM-SD,3,8,15,10,9,5,1.014,yan
yan_8_15_10_9,RANDOM-SD,1,8,15,10,9,5,1.02,yan
yan_8_15_10_9,RANDOM-SD,0,8,15,10,9,5,1.157,yan
yan_8_15_10_10,TOOLSEQ-SD,0,8,15,10,10,5,1.364,yan
yan_8_15_10_10,TOOLSEQ-SD,1,8,15,10,10,5,1.124,yan
yan_8_15_10_10,TOOLSEQ-SD,3,8,15,10,10,5,1.101,yan
yan_8_15_10_10,TOOLSEQ-SD,2,8,15,10,10,5,1.099,yan
yan_8_15_10_10,TOOLSEQ-SD,4,8,15,10,10,5,1.098,yan
yan_8_15_10_10,ORDERED-SD,4,8,15,10,10,5,1.035,yan
yan_8_15_10_10,ORDERED-SD,0,8,15,10,10,5,1.081,yan
yan_8_15_10_10,ORDERED-SD,1,8,15,10,10,5,1.066,yan
yan_8_15_10_10,ORDERED-SD,3,8,15,10,10,5,1.082,yan
yan_8_15_10_10,ORDERED-SD,2,8,15,10,10,5,1.083,yan
yan_8_15_10_10,RANDOM-SD,4,8,15,10,10,5,1.064,yan
yan_8_15_10_10,RANDOM-SD,2,8,15,10,10,5,1.056,yan
yan_8_15_10_10,RANDOM-SD,3,8,15,10,10,5,1.003,yan
yan_8_15_10_10,RANDOM-SD,1,8,15,10,10,5,1.069,yan
yan_8_15_10_10,RANDOM-SD,0,8,15,10,10,5,1.046,yan
yan_8_15_10_11,TOOLSEQ-SD,0,8,15,10,11,8,1.457,yan
yan_8_15_10_11,TOOLSEQ-SD,1,8,15,10,11,8,1.133,yan
yan_8_15_10_11,TOOLSEQ-SD,3,8,15,10,11,8,1.152,yan
yan_8_15_10_11,TOOLSEQ-SD,2,8,15,10,11,8,1.144,yan
yan_8_15_10_11,TOOLSEQ-SD,4,8,15,10,11,8,1.123,yan
yan_8_15_10_11,ORDERED-SD,4,8,15,10,11,11,1.129,yan
yan_8_15_10_11,ORDERED-SD,0,8,15,10,11,11,1.305,yan
yan_8_15_10_11,ORDERED-SD,1,8,15,10,11,11,1.046,yan
yan_8_15_10_11,ORDERED-SD,3,8,15,10,11,11,1.106,yan
yan_8_15_10_11,ORDERED-SD,2,8,15,10,11,11,1.032,yan
yan_8_15_10_11,RANDOM-SD,4,8,15,10,11,8,1.149,yan
yan_8_15_10_11,RANDOM-SD,2,8,15,10,11,8,1.084,yan
yan_8_15_10_11,RANDOM-SD,3,8,15,10,11,8,1.063,yan
yan_8_15_10_11,RANDOM-SD,1,8,15,10,11,8,1.124,yan
yan_8_15_10_11,RANDOM-SD,0,8,15,10,11,8,1.285,yan
yan_8_15_10_12,TOOLSEQ-SD,0,8,15,10,12,7,1.419,yan
yan_8_15_10_12,TOOLSEQ-SD,1,8,15,10,12,7,1.095,yan
yan_8_15_10_12,TOOLSEQ-SD,3,8,15,10,12,7,1.127,yan
yan_8_15_10_12,TOOLSEQ-SD,2,8,15,10,12,7,1.128,yan
yan_8_15_10_12,TOOLSEQ-SD,4,8,15,10,12,7,1.13,yan
yan_8_15_10_12,ORDERED-SD,4,8,15,10,12,8,1.068,yan
yan_8_15_10_12,ORDERED-SD,0,8,15,10,12,8,1.326,yan
yan_8_15_10_12,ORDERED-SD,1,8,15,10,12,8,1.019,yan
yan_8_15_10_12,ORDERED-SD,3,8,15,10,12,8,1.097,yan
yan_8_15_10_12,ORDERED-SD,2,8,15,10,12,8,1.048,yan
yan_8_15_10_12,RANDOM-SD,4,8,15,10,12,7,1.128,yan
yan_8_15_10_12,RANDOM-SD,2,8,15,10,12,7,1.082,yan
yan_8_15_10_12,RANDOM-SD,3,8,15,10,12,7,1.127,yan
yan_8_15_10_12,RANDOM-SD,1,8,15,10,12,7,1.049,yan
yan_8_15_10_12,RANDOM-SD,0,8,15,10,12,7,1.373,yan
yan_8_15_10_13,TOOLSEQ-SD,0,8,15,10,13,6,1.505,yan
yan_8_15_10_13,TOOLSEQ-SD,1,8,15,10,13,6,1.186,yan
yan_8_15_10_13,TOOLSEQ-SD,3,8,15,10,13,6,1.17,yan
yan_8_15_10_13,TOOLSEQ-SD,2,8,15,10,13,6,1.178,yan
yan_8_15_10_13,TOOLSEQ-SD,4,8,15,10,13,6,1.129,yan
yan_8_15_10_13,ORDERED-SD,4,8,15,10,13,7,1.087,yan
yan_8_15_10_13,ORDERED-SD,0,8,15,10,13,7,1.423,yan
yan_8_15_10_13,ORDERED-SD,1,8,15,10,13,7,1.11,yan
yan_8_15_10_13,ORDERED-SD,3,8,15,10,13,7,1.083,yan
yan_8_15_10_13,ORDERED-SD,2,8,15,10,13,7,1.027,yan
yan_8_15_10_13,RANDOM-SD,4,8,15,10,13,8,1.033,yan
yan_8_15_10_13,RANDOM-SD,2,8,15,10,13,8,1.125,yan
yan_8_15_10_13,RANDOM-SD,3,8,15,10,13,8,1.073,yan
yan_8_15_10_13,RANDOM-SD,1,8,15,10,13,8,1.0,yan
yan_8_15_10_13,RANDOM-SD,0,8,15,10,13,8,1.365,yan
yan_8_15_10_14,TOOLSEQ-SD,0,8,15,10,14,8,1.251,yan
yan_8_15_10_14,TOOLSEQ-SD,1,8,15,10,14,8,1.184,yan
yan_8_15_10_14,TOOLSEQ-SD,3,8,15,10,14,8,1.153,yan
yan_8_15_10_14,TOOLSEQ-SD,2,8,15,10,14,8,1.166,yan
yan_8_15_10_14,TOOLSEQ-SD,4,8,15,10,14,8,1.145,yan
yan_8_15_10_14,ORDERED-SD,4,8,15,10,14,8,1.11,yan
yan_8_15_10_14,ORDERED-SD,0,8,15,10,14,8,1.21,yan
yan_8_15_10_14,ORDERED-SD,1,8,15,10,14,8,1.099,yan
yan_8_15_10_14,ORDERED-SD,3,8,15,10,14,8,1.119,yan
yan_8_15_10_14,ORDERED-SD,2,8,15,10,14,8,1.094,yan
yan_8_15_10_14,RANDOM-SD,4,8,15,10,14,8,1.091,yan
yan_8_15_10_14,RANDOM-SD,2,8,15,10,14,8,1.062,yan
yan_8_15_10_14,RANDOM-SD,3,8,15,10,14,8,1.108,yan
yan_8_15_10_14,RANDOM-SD,1,8,15,10,14,8,1.02,yan
yan_8_15_10_14,RANDOM-SD,0,8,15,10,14,8,1.36,yan
yan_8_15_10_15,TOOLSEQ-SD,0,8,15,10,15,5,1.254,yan
yan_8_15_10_15,TOOLSEQ-SD,1,8,15,10,15,5,1.171,yan
yan_8_15_10_15,TOOLSEQ-SD,3,8,15,10,15,5,1.189,yan
yan_8_15_10_15,TOOLSEQ-SD,2,8,15,10,15,5,1.182,yan
yan_8_15_10_15,TOOLSEQ-SD,4,8,15,10,15,5,1.118,yan
yan_8_15_10_15,ORDERED-SD,4,8,15,10,15,5,1.085,yan
yan_8_15_10_15,ORDERED-SD,0,8,15,10,15,5,1.221,yan
yan_8_15_10_15,ORDERED-SD,1,8,15,10,15,5,1.12,yan
yan_8_15_10_15,ORDERED-SD,3,8,15,10,15,5,1.12,yan
yan_8_15_10_15,ORDERED-SD,2,8,15,10,15,5,1.12,yan
yan_8_15_10_15,RANDOM-SD,4,8,15,10,15,5,1.106,yan
yan_8_15_10_15,RANDOM-SD,2,8,15,10,15,5,1.054,yan
yan_8_15_10_15,RANDOM-SD,3,8,15,10,15,5,1.086,yan
yan_8_15_10_15,RANDOM-SD,1,8,15,10,15,5,1.064,yan
yan_8_15_10_15,RANDOM-SD,0,8,15,10,15,5,1.157,yan
yan_8_15_10_16,TOOLSEQ-SD,0,8,15,10,16,11,1.43,yan
yan_8_15_10_16,TOOLSEQ-SD,1,8,15,10,16,11,1.528,yan
yan_8_15_10_16,TOOLSEQ-SD,3,8,15,10,16,11,1.677,yan
yan_8_15_10_16,TOOLSEQ-SD,2,8,15,10,16,11,1.629,yan
yan_8_15_10_16,TOOLSEQ-SD,4,8,15,10,16,11,1.682,yan
yan_8_15_10_16,ORDERED-SD,4,8,15,10,16,12,1.358,yan
yan_8_15_10_16,ORDERED-SD,0,8,15,10,16,12,1.251,yan
yan_8_15_10_16,ORDERED-SD,1,8,15,10,16,12,1.264,yan
yan_8_15_10_16,ORDERED-SD,3,8,15,10,16,12,1.224,yan
yan_8_15_10_16,ORDERED-SD,2,8,15,10,16,12,1.193,yan
yan_8_15_10_16,RANDOM-SD,4,8,15,10,16,10,1.199,yan
yan_8_15_10_16,RANDOM-SD,2,8,15,10,16,10,1.127,yan
yan_8_15_10_16,RANDOM-SD,3,8,15,10,16,10,1.175,yan
yan_8_15_10_16,RANDOM-SD,1,8,15,10,16,10,1.094,yan
yan_8_15_10_16,RANDOM-SD,0,8,15,10,16,10,1.366,yan
yan_8_15_10_17,TOOLSEQ-SD,0,8,15,10,17,9,1.401,yan
yan_8_15_10_17,TOOLSEQ-SD,1,8,15,10,17,9,1.209,yan
yan_8_15_10_17,TOOLSEQ-SD,3,8,15,10,17,9,1.245,yan
yan_8_15_10_17,TOOLSEQ-SD,2,8,15,10,17,9,1.222,yan
yan_8_15_10_17,TOOLSEQ-SD,4,8,15,10,17,9,1.174,yan
yan_8_15_10_17,ORDERED-SD,4,8,15,10,17,11,1.219,yan
yan_8_15_10_17,ORDERED-SD,0,8,15,10,17,11,1.413,yan
yan_8_15_10_17,ORDERED-SD,1,8,15,10,17,11,1.255,yan
yan_8_15_10_17,ORDERED-SD,3,8,15,10,17,11,1.261,yan
yan_8_15_10_17,ORDERED-SD,2,8,15,10,17,11,1.248,yan
yan_8_15_10_17,RANDOM-SD,4,8,15,10,17,11,1.387,yan
yan_8_15_10_17,RANDOM-SD,2,8,15,10,17,11,1.481,yan
yan_8_15_10_17,RANDOM-SD,3,8,15,10,17,11,1.46,yan
yan_8_15_10_17,RANDOM-SD,1,8,15,10,17,11,1.588,yan
yan_8_15_10_17,RANDOM-SD,0,8,15,10,17,11,1.373,yan
yan_8_15_10_18,TOOLSEQ-SD,0,8,15,10,18,6,1.47,yan
yan_8_15_10_18,TOOLSEQ-SD,1,8,15,10,18,6,1.148,yan
yan_8_15_10_18,TOOLSEQ-SD,3,8,15,10,18,6,1.162,yan
yan_8_15_10_18,TOOLSEQ-SD,2,8,15,10,18,6,1.156,yan
yan_8_15_10_18,TOOLSEQ-SD,4,8,15,10,18,6,1.173,yan
yan_8_15_10_18,ORDERED-SD,4,8,15,10,18,7,1.127,yan
yan_8_15_10_18,ORDERED-SD,0,8,15,10,18,7,1.295,yan
yan_8_15_10_18,ORDERED-SD,1,8,15,10,18,7,1.125,yan
yan_8_15_10_18,ORDERED-SD,3,8,15,10,18,7,1.16,yan
yan_8_15_10_18,ORDERED-SD,2,8,15,10,18,7,1.137,yan
yan_8_15_10_18,RANDOM-SD,4,8,15,10,18,9,1.079,yan
yan_8_15_10_18,RANDOM-SD,2,8,15,10,18,9,1.112,yan
yan_8_15_10_18,RANDOM-SD,3,8,15,10,18,9,1.087,yan
yan_8_15_10_18,RANDOM-SD,1,8,15,10,18,9,1.133,yan
yan_8_15_10_18,RANDOM-SD,0,8,15,10,18,9,1.382,yan
yan_8_15_10_19,TOOLSEQ-SD,0,8,15,10,19,6,1.141,yan
yan_8_15_10_19,TOOLSEQ-SD,1,8,15,10,19,6,1.112,yan
yan_8_15_10_19,TOOLSEQ-SD,3,8,15,10,19,6,1.182,yan
yan_8_15_10_19,TOOLSEQ-SD,2,8,15,10,19,6,1.172,yan
yan_8_15_10_19,TOOLSEQ-SD,4,8,15,10,19,6,1.139,yan
yan_8_15_10_19,ORDERED-SD,4,8,15,10,19,6,1.185,yan
yan_8_15_10_19,ORDERED-SD,0,8,15,10,19,6,1.366,yan
yan_8_15_10_19,ORDERED-SD,1,8,15,10,19,6,1.181,yan
yan_8_15_10_19,ORDERED-SD,3,8,15,10,19,6,1.121,yan
yan_8_15_10_19,ORDERED-SD,2,8,15,10,19,6,1.144,yan
yan_8_15_10_19,RANDOM-SD,4,8,15,10,19,7,1.141,yan
yan_8_15_10_19,RANDOM-SD,2,8,15,10,19,7,1.133,yan
yan_8_15_10_19,RANDOM-SD,3,8,15,10,19,7,1.13,yan
yan_8_15_10_19,RANDOM-SD,1,8,15,10,19,7,1.072,yan
yan_8_15_10_19,RANDOM-SD,0,8,15,10,19,7,1.285,yan
yan_8_15_10_20,TOOLSEQ-SD,0,8,15,10,20,9,1.19,yan
yan_8_15_10_20,TOOLSEQ-SD,1,8,15,10,20,9,1.18,yan
yan_8_15_10_20,TOOLSEQ-SD,3,8,15,10,20,9,1.17,yan
yan_8_15_10_20,TOOLSEQ-SD,2,8,15,10,20,9,1.205,yan
yan_8_15_10_20,TOOLSEQ-SD,4,8,15,10,20,9,1.207,yan
yan_8_15_10_20,ORDERED-SD,4,8,15,10,20,9,1.138,yan
yan_8_15_10_20,ORDERED-SD,0,8,15,10,20,9,1.093,yan
yan_8_15_10_20,ORDERED-SD,1,8,15,10,20,9,1.113,yan
yan_8_15_10_20,ORDERED-SD,3,8,15,10,20,9,1.098,yan
yan_8_15_10_20,ORDERED-SD,2,8,15,10,20,9,1.142,yan
yan_8_15_10_20,RANDOM-SD,4,8,15,10,20,8,1.16,yan
yan_8_15_10_20,RANDOM-SD,2,8,15,10,20,8,1.095,yan
yan_8_15_10_20,RANDOM-SD,3,8,15,10,20,8,1.088,yan
yan_8_15_10_20,RANDOM-SD,1,8,15,10,20,8,1.17,yan
yan_8_15_10_20,RANDOM-SD,0,8,15,10,20,8,1.066,yan
yan_8_15_10_21,TOOLSEQ-SD,0,8,15,10,21,8,1.295,yan
yan_8_15_10_21,TOOLSEQ-SD,1,8,15,10,21,8,1.419,yan
yan_8_15_10_21,TOOLSEQ-SD,3,8,15,10,21,8,1.439,yan
yan_8_15_10_21,TOOLSEQ-SD,2,8,15,10,21,8,1.431,yan
yan_8_15_10_21,TOOLSEQ-SD,4,8,15,10,21,8,1.606,yan
yan_8_15_10_21,ORDERED-SD,4,8,15,10,21,7,1.157,yan
yan_8_15_10_21,ORDERED-SD,0,8,15,10,21,7,1.132,yan
yan_8_15_10_21,ORDERED-SD,1,8,15,10,21,7,1.183,yan
yan_8_15_10_21,ORDERED-SD,3,8,15,10,21,7,1.194,yan
yan_8_15_10_21,ORDERED-SD,2,8,15,10,21,7,1.197,yan
yan_8_15_10_21,RANDOM-SD,4,8,15,10,21,7,1.192,yan
yan_8_15_10_21,RANDOM-SD,2,8,15,10,21,7,1.174,yan
yan_8_15_10_21,RANDOM-SD,3,8,15,10,21,7,1.177,yan
yan_8_15_10_21,RANDOM-SD,1,8,15,10,21,7,1.141,yan
yan_8_15_10_21,RANDOM-SD,0,8,15,10,21,7,1.194,yan
yan_8_15_10_22,TOOLSEQ-SD,0,8,15,10,22,11,1.314,yan
yan_8_15_10_22,TOOLSEQ-SD,1,8,15,10,22,11,1.361,yan
yan_8_15_10_22,TOOLSEQ-SD,3,8,15,10,22,11,1.306,yan
yan_8_15_10_22,TOOLSEQ-SD,2,8,15,10,22,11,1.301,yan
yan_8_15_10_22,TOOLSEQ-SD,4,8,15,10,22,11,1.333,yan
yan_8_15_10_22,ORDERED-SD,4,8,15,10,22,10,1.397,yan
yan_8_15_10_22,ORDERED-SD,0,8,15,10,22,10,1.333,yan
yan_8_15_10_22,ORDERED-SD,1,8,15,10,22,10,1.569,yan
yan_8_15_10_22,ORDERED-SD,3,8,15,10,22,10,1.393,yan
yan_8_15_10_22,ORDERED-SD,2,8,15,10,22,10,1.532,yan
yan_8_15_10_22,RANDOM-SD,4,8,15,10,22,10,1.57,yan
yan_8_15_10_22,RANDOM-SD,2,8,15,10,22,10,1.531,yan
yan_8_15_10_22,RANDOM-SD,3,8,15,10,22,10,1.561,yan
yan_8_15_10_22,RANDOM-SD,1,8,15,10,22,10,1.597,yan
yan_8_15_10_22,RANDOM-SD,0,8,15,10,22,10,1.321,yan
yan_8_15_10_23,TOOLSEQ-SD,0,8,15,10,23,9,1.511,yan
yan_8_15_10_23,TOOLSEQ-SD,1,8,15,10,23,9,1.722,yan
yan_8_15_10_23,TOOLSEQ-SD,3,8,15,10,23,9,1.55,yan
yan_8_15_10_23,TOOLSEQ-SD,2,8,15,10,23,9,1.597,yan
yan_8_15_10_23,TOOLSEQ-SD,4,8,15,10,23,9,1.547,yan
yan_8_15_10_23,ORDERED-SD,4,8,15,10,23,9,1.649,yan
yan_8_15_10_23,ORDERED-SD,0,8,15,10,23,9,1.427,yan
yan_8_15_10_23,ORDERED-SD,1,8,15,10,23,9,1.673,yan
yan_8_15_10_23,ORDERED-SD,3,8,15,10,23,9,1.647,yan
yan_8_15_10_23,ORDERED-SD,2,8,15,10,23,9,1.74,yan
yan_8_15_10_23,RANDOM-SD,4,8,15,10,23,9,1.578,yan
yan_8_15_10_23,RANDOM-SD,2,8,15,10,23,9,1.311,yan
yan_8_15_10_23,RANDOM-SD,3,8,15,10,23,9,1.428,yan
yan_8_15_10_23,RANDOM-SD,1,8,15,10,23,9,1.36,yan
yan_8_15_10_23,RANDOM-SD,0,8,15,10,23,9,1.426,yan
yan_8_15_10_24,TOOLSEQ-SD,0,8,15,10,24,9,1.624,yan
yan_8_15_10_24,TOOLSEQ-SD,1,8,15,10,24,9,1.253,yan
yan_8_15_10_24,TOOLSEQ-SD,3,8,15,10,24,9,1.203,yan
yan_8_15_10_24,TOOLSEQ-SD,2,8,15,10,24,9,1.234,yan
yan_8_15_10_24,TOOLSEQ-SD,4,8,15,10,24,9,1.154,yan
yan_8_15_10_24,ORDERED-SD,4,8,15,10,24,12,1.264,yan
yan_8_15_10_24,ORDERED-SD,0,8,15,10,24,12,1.526,yan
yan_8_15_10_24,ORDERED-SD,1,8,15,10,24,12,1.262,yan
yan_8_15_10_24,ORDERED-SD,3,8,15,10,24,12,1.224,yan
yan_8_15_10_24,ORDERED-SD,2,8,15,10,24,12,1.212,yan
yan_8_15_10_24,RANDOM-SD,4,8,15,10,24,10,1.311,yan
yan_8_15_10_24,RANDOM-SD,2,8,15,10,24,10,1.401,yan
yan_8_15_10_24,RANDOM-SD,3,8,15,10,24,10,1.341,yan
yan_8_15_10_24,RANDOM-SD,1,8,15,10,24,10,1.411,yan
yan_8_15_10_24,RANDOM-SD,0,8,15,10,24,10,1.46,yan
yan_8_15_10_25,TOOLSEQ-SD,0,8,15,10,25,13,1.724,yan
yan_8_15_10_25,TOOLSEQ-SD,1,8,15,10,25,13,1.241,yan
yan_8_15_10_25,TOOLSEQ-SD,3,8,15,10,25,13,1.212,yan
yan_8_15_10_25,TOOLSEQ-SD,2,8,15,10,25,13,1.24,yan
yan_8_15_10_25,TOOLSEQ-SD,4,8,15,10,25,13,1.217,yan
yan_8_15_10_25,ORDERED-SD,4,8,15,10,25,14,1.176,yan
yan_8_15_10_25,ORDERED-SD,0,8,15,10,25,14,1.681,yan
yan_8_15_10_25,ORDERED-SD,1,8,15,10,25,14,1.21,yan
yan_8_15_10_25,ORDERED-SD,3,8,15,10,25,14,1.142,yan
yan_8_15_10_25,ORDERED-SD,2,8,15,10,25,14,1.136,yan
yan_8_15_10_25,RANDOM-SD,4,8,15,10,25,13,1.113,yan
yan_8_15_10_25,RANDOM-SD,2,8,15,10,25,13,1.116,yan
yan_8_15_10_25,RANDOM-SD,3,8,15,10,25,13,1.139,yan
yan_8_15_10_25,RANDOM-SD,1,8,15,10,25,13,1.195,yan
yan_8_15_10_25,RANDOM-SD,0,8,15,10,25,13,1.754,yan
yan_8_15_10_26,TOOLSEQ-SD,0,8,15,10,26,9,1.764,yan
yan_8_15_10_26,TOOLSEQ-SD,1,8,15,10,26,9,1.285,yan
yan_8_15_10_26,TOOLSEQ-SD,3,8,15,10,26,9,1.246,yan
yan_8_15_10_26,TOOLSEQ-SD,2,8,15,10,26,9,1.226,yan
yan_8_15_10_26,TOOLSEQ-SD,4,8,15,10,26,9,1.258,yan
yan_8_15_10_26,ORDERED-SD,4,8,15,10,26,11,1.163,yan
yan_8_15_10_26,ORDERED-SD,0,8,15,10,26,11,1.766,yan
yan_8_15_10_26,ORDERED-SD,1,8,15,10,26,11,1.123,yan
yan_8_15_10_26,ORDERED-SD,3,8,15,10,26,11,1.222,yan
yan_8_15_10_26,ORDERED-SD,2,8,15,10,26,11,1.177,yan
yan_8_15_10_26,RANDOM-SD,4,8,15,10,26,9,1.161,yan
yan_8_15_10_26,RANDOM-SD,2,8,15,10,26,9,1.16,yan
yan_8_15_10_26,RANDOM-SD,3,8,15,10,26,9,1.132,yan
yan_8_15_10_26,RANDOM-SD,1,8,15,10,26,9,1.12,yan
yan_8_15_10_26,RANDOM-SD,0,8,15,10,26,9,1.824,yan
yan_8_15_10_27,TOOLSEQ-SD,0,8,15,10,27,8,1.634,yan
yan_8_15_10_27,TOOLSEQ-SD,1,8,15,10,27,8,1.605,yan
yan_8_15_10_27,TOOLSEQ-SD,3,8,15,10,27,8,1.663,yan
yan_8_15_10_27,TOOLSEQ-SD,2,8,15,10,27,8,1.652,yan
yan_8_15_10_27,TOOLSEQ-SD,4,8,15,10,27,8,1.586,yan
yan_8_15_10_27,ORDERED-SD,4,8,15,10,27,9,1.303,yan
yan_8_15_10_27,ORDERED-SD,0,8,15,10,27,9,1.653,yan
yan_8_15_10_27,ORDERED-SD,1,8,15,10,27,9,1.2,yan
yan_8_15_10_27,ORDERED-SD,3,8,15,10,27,9,1.424,yan
yan_8_15_10_27,ORDERED-SD,2,8,15,10,27,9,1.188,yan
yan_8_15_10_27,RANDOM-SD,4,8,15,10,27,10,1.144,yan
yan_8_15_10_27,RANDOM-SD,2,8,15,10,27,10,1.12,yan
yan_8_15_10_27,RANDOM-SD,3,8,15,10,27,10,1.185,yan
yan_8_15_10_27,RANDOM-SD,1,8,15,10,27,10,1.139,yan
yan_8_15_10_27,RANDOM-SD,0,8,15,10,27,10,1.774,yan
yan_8_15_10_28,TOOLSEQ-SD,0,8,15,10,28,10,1.629,yan
yan_8_15_10_28,TOOLSEQ-SD,1,8,15,10,28,10,1.293,yan
yan_8_15_10_28,TOOLSEQ-SD,3,8,15,10,28,10,1.3,yan
yan_8_15_10_28,TOOLSEQ-SD,2,8,15,10,28,10,1.397,yan
yan_8_15_10_28,TOOLSEQ-SD,4,8,15,10,28,10,1.324,yan
yan_8_15_10_28,ORDERED-SD,4,8,15,10,28,11,1.302,yan
yan_8_15_10_28,ORDERED-SD,0,8,15,10,28,11,1.572,yan
yan_8_15_10_28,ORDERED-SD,1,8,15,10,28,11,1.439,yan
yan_8_15_10_28,ORDERED-SD,3,8,15,10,28,11,1.372,yan
yan_8_15_10_28,ORDERED-SD,2,8,15,10,28,11,1.44,yan
yan_8_15_10_28,RANDOM-SD,4,8,15,10,28,13,1.474,yan
yan_8_15_10_28,RANDOM-SD,2,8,15,10,28,13,1.547,yan
yan_8_15_10_28,RANDOM-SD,3,8,15,10,28,13,1.596,yan
yan_8_15_10_28,RANDOM-SD,1,8,15,10,28,13,1.621,yan
yan_8_15_10_28,RANDOM-SD,0,8,15,10,28,13,1.541,yan
yan_8_15_10_29,TOOLSEQ-SD,0,8,15,10,29,12,1.499,yan
yan_8_15_10_29,TOOLSEQ-SD,1,8,15,10,29,12,1.386,yan
yan_8_15_10_29,TOOLSEQ-SD,3,8,15,10,29,12,1.232,yan
yan_8_15_10_29,TOOLSEQ-SD,2,8,15,10,29,12,1.224,yan
yan_8_15_10_29,TOOLSEQ-SD,4,8,15,10,29,12,1.277,yan
yan_8_15_10_29,ORDERED-SD,4,8,15,10,29,12,1.387,yan
yan_8_15_10_29,ORDERED-SD,0,8,15,10,29,12,1.541,yan
yan_8_15_10_29,ORDERED-SD,1,8,15,10,29,12,1.465,yan
yan_8_15_10_29,ORDERED-SD,3,8,15,10,29,12,1.323,yan
yan_8_15_10_29,ORDERED-SD,2,8,15,10,29,12,1.439,yan
yan_8_15_10_29,RANDOM-SD,4,8,15,10,29,13,1.357,yan
yan_8_15_10_29,RANDOM-SD,2,8,15,10,29,13,1.356,yan
yan_8_15_10_29,RANDOM-SD,3,8,15,10,29,13,1.308,yan
yan_8_15_10_29,RANDOM-SD,1,8,15,10,29,13,1.267,yan
yan_8_15_10_29,RANDOM-SD,0,8,15,10,29,13,1.503,yan
yan_8_15_10_29,TEST,0,8,15,10,29,15,0.485,yan
yan_8_15_10_30,TOOLSEQ-SD,0,8,15,10,30,10,1.338,yan
yan_8_15_10_30,TOOLSEQ-SD,1,8,15,10,30,10,1.296,yan
yan_8_15_10_30,TOOLSEQ-SD,3,8,15,10,30,10,1.279,yan
yan_8_15_10_30,TOOLSEQ-SD,2,8,15,10,30,10,1.215,yan
yan_8_15_10_30,TOOLSEQ-SD,4,8,15,10,30,10,1.37,yan
yan_8_15_10_30,ORDERED-SD,4,8,15,10,30,9,1.164,yan
yan_8_15_10_30,ORDERED-SD,0,8,15,10,30,9,1.218,yan
yan_8_15_10_30,ORDERED-SD,1,8,15,10,30,9,1.199,yan
yan_8_15_10_30,ORDERED-SD,3,8,15,10,30,9,1.168,yan
yan_8_15_10_30,ORDERED-SD,2,8,15,10,30,9,1.113,yan
yan_8_15_10_30,RANDOM-SD,4,8,15,10,30,9,1.118,yan
yan_8_15_10_30,RANDOM-SD,2,8,15,10,30,9,1.172,yan
yan_8_15_10_30,RANDOM-SD,3,8,15,10,30,9,1.198,yan
yan_8_15_10_30,RANDOM-SD,1,8,15,10,30,9,1.215,yan
yan_8_15_10_30,RANDOM-SD,0,8,15,10,30,9,1.409,yan
cram_30_40_25_1,TOOLSEQ-SD,0,30,40,25,1,38,1.949,cram
cram_30_40_25_1,TOOLSEQ-SD,1,30,40,25,1,38,2.193,cram
cram_30_40_25_1,TOOLSEQ-SD,3,30,40,25,1,38,2.114,cram
cram_30_40_25_1,TOOLSEQ-SD,2,30,40,25,1,38,2.071,cram
cram_30_40_25_1,TOOLSEQ-SD,4,30,40,25,1,38,2.254,cram
cram_30_40_25_1,ORDERED-SD,4,30,40,25,1,56,1.975,cram
cram_30_40_25_1,ORDERED-SD,0,30,40,25,1,56,1.838,cram
cram_30_40_25_1,ORDERED-SD,1,30,40,25,1,56,2.127,cram
cram_30_40_25_1,ORDERED-SD,3,30,40,25,1,56,2.054,cram
cram_30_40_25_1,ORDERED-SD,2,30,40,25,1,56,2.119,cram
cram_30_40_25_1,RANDOM-SD,4,30,40,25,1,55,3.086,cram
cram_30_40_25_1,RANDOM-SD,2,30,40,25,1,55,3.03,cram
cram_30_40_25_1,RANDOM-SD,3,30,40,25,1,55,3.08,cram
cram_30_40_25_1,RANDOM-SD,1,30,40,25,1,55,2.969,cram
cram_30_40_25_1,RANDOM-SD,0,30,40,25,1,55,2.53,cram
cram_30_40_25_2,TOOLSEQ-SD,0,30,40,25,2,38,1.951,cram
cram_30_40_25_2,TOOLSEQ-SD,1,30,40,25,2,38,2.074,cram
cram_30_40_25_2,TOOLSEQ-SD,3,30,40,25,2,38,1.994,cram
cram_30_40_25_2,TOOLSEQ-SD,2,30,40,25,2,38,1.959,cram
cram_30_40_25_2,TOOLSEQ-SD,4,30,40,25,2,38,2.034,cram
cram_30_40_25_2,ORDERED-SD,4,30,40,25,2,51,2.004,cram
cram_30_40_25_2,ORDERED-SD,0,30,40,25,2,51,1.786,cram
cram_30_40_25_2,ORDERED-SD,1,30,40,25,2,51,1.812,cram
cram_30_40_25_2,ORDERED-SD,3,30,40,25,2,51,1.868,cram
cram_30_40_25_2,ORDERED-SD,2,30,40,25,2,51,1.877,cram
cram_30_40_25_2,RANDOM-SD,4,30,40,25,2,53,1.827,cram
cram_30_40_25_2,RANDOM-SD,2,30,40,25,2,53,1.832,cram
cram_30_40_25_2,RANDOM-SD,3,30,40,25,2,53,1.976,cram
cram_30_40_25_2,RANDOM-SD,1,30,40,25,2,53,1.797,cram
cram_30_40_25_2,RANDOM-SD,0,30,40,25,2,53,1.871,cram
cram_30_40_25_3,TOOLSEQ-SD,0,30,40,25,3,40,2.091,cram
cram_30_40_25_3,TOOLSEQ-SD,1,30,40,25,3,40,2.707,cram
cram_30_40_25_3,TOOLSEQ-SD,3,30,40,25,3,40,2.575,cram
cram_30_40_25_3,TOOLSEQ-SD,2,30,40,25,3,40,2.506,cram
cram_30_40_25_3,TOOLSEQ-SD,4,30,40,25,3,40,2.472,cram
cram_30_40_25_3,ORDERED-SD,4,30,40,25,3,49,2.681,cram
cram_30_40_25_3,ORDERED-SD,0,30,40,25,3,49,1.722,cram
cram_30_40_25_3,ORDERED-SD,1,30,40,25,3,49,2.443,cram
cram_30_40_25_3,ORDERED-SD,3,30,40,25,3,49,2.473,cram
cram_30_40_25_3,ORDERED-SD,2,30,40,25,3,49,2.457,cram
cram_30_40_25_3,RANDOM-SD,4,30,40,25,3,53,2.616,cram
cram_30_40_25_3,RANDOM-SD,2,30,40,25,3,53,2.31,cram
cram_30_40_25_3,RANDOM-SD,3,30,40,25,3,53,2.391,cram
cram_30_40_25_3,RANDOM-SD,1,30,40,25,3,53,2.013,cram
cram_30_40_25_3,RANDOM-SD,0,30,40,25,3,53,1.83,cram
cram_30_40_25_4,TOOLSEQ-SD,0,30,40,25,4,42,2.216,cram
cram_30_40_25_4,TOOLSEQ-SD,1,30,40,25,4,42,1.914,cram
cram_30_40_25_4,TOOLSEQ-SD,3,30,40,25,4,42,1.93,cram
cram_30_40_25_4,TOOLSEQ-SD,2,30,40,25,4,42,1.895,cram
cram_30_40_25_4,TOOLSEQ-SD,4,30,40,25,4,42,1.953,cram
cram_30_40_25_4,ORDERED-SD,4,30,40,25,4,52,1.637,cram
cram_30_40_25_4,ORDERED-SD,0,30,40,25,4,52,1.695,cram
cram_30_40_25_4,ORDERED-SD,1,30,40,25,4,52,1.721,cram
cram_30_40_25_4,ORDERED-SD,3,30,40,25,4,52,1.621,cram
cram_30_40_25_4,ORDERED-SD,2,30,40,25,4,52,1.674,cram
cram_30_40_25_4,RANDOM-SD,4,30,40,25,4,53,1.85,cram
cram_30_40_25_4,RANDOM-SD,2,30,40,25,4,53,1.981,cram
cram_30_40_25_4,RANDOM-SD,3,30,40,25,4,53,1.857,cram
cram_30_40_25_4,RANDOM-SD,1,30,40,25,4,53,2.119,cram
cram_30_40_25_4,RANDOM-SD,0,30,40,25,4,53,1.717,cram
cram_30_40_25_5,TOOLSEQ-SD,0,30,40,25,5,43,2.013,cram
cram_30_40_25_5,TOOLSEQ-SD,1,30,40,25,5,43,1.927,cram
cram_30_40_25_5,TOOLSEQ-SD,3,30,40,25,5,43,1.899,cram
cram_30_40_25_5,TOOLSEQ-SD,2,30,40,25,5,43,1.913,cram
cram_30_40_25_5,TOOLSEQ-SD,4,30,40,25,5,43,1.934,cram
cram_30_40_25_5,ORDERED-SD,4,30,40,25,5,57,1.817,cram
cram_30_40_25_5,ORDERED-SD,0,30,40,25,5,57,2.002,cram
cram_30_40_25_5,ORDERED-SD,1,30,40,25,5,57,1.83,cram
cram_30_40_25_5,ORDERED-SD,3,30,40,25,5,57,1.781,cram
cram_30_40_25_5,ORDERED-SD,2,30,40,25,5,57,1.809,cram
cram_30_40_25_5,RANDOM-SD,4,30,40,25,5,54,1.614,cram
cram_30_40_25_5,RANDOM-SD,2,30,40,25,5,54,1.565,cram
cram_30_40_25_5,RANDOM-SD,3,30,40,25,5,54,1.617,cram
cram_30_40_25_5,RANDOM-SD,1,30,40,25,5,54,1.537,cram
cram_30_40_25_5,RANDOM-SD,0,30,40,25,5,54,1.777,cram
cram_30_40_25_6,TOOLSEQ-SD,0,30,40,25,6,36,1.605,cram
cram_30_40_25_6,TOOLSEQ-SD,1,30,40,25,6,36,1.745,cram
cram_30_40_25_6,TOOLSEQ-SD,3,30,40,25,6,36,1.652,cram
cram_30_40_25_6,TOOLSEQ-SD,2,30,40,25,6,36,1.702,cram
cram_30_40_25_6,TOOLSEQ-SD,4,30,40,25,6,36,1.663,cram
cram_30_40_25_6,ORDERED-SD,4,30,40,25,6,50,1.531,cram
cram_30_40_25_6,ORDERED-SD,0,30,40,25,6,50,1.572,cram
cram_30_40_25_6,ORDERED-SD,1,30,40,25,6,50,1.569,cram
cram_30_40_25_6,ORDERED-SD,3,30,40,25,6,50,1.572,cram
cram_30_40_25_6,ORDERED-SD,2,30,40,25,6,50,1.55,cram
cram_30_40_25_6,RANDOM-SD,4,30,40,25,6,46,1.631,cram
cram_30_40_25_6,RANDOM-SD,2,30,40,25,6,46,1.566,cram
cram_30_40_25_6,RANDOM-SD,3,30,40,25,6,46,1.587,cram
cram_30_40_25_6,RANDOM-SD,1,30,40,25,6,46,1.584,cram
cram_30_40_25_6,RANDOM-SD,0,30,40,25,6,46,1.681,cram
cram_30_40_25_7,TOOLSEQ-SD,0,30,40,25,7,45,1.918,cram
cram_30_40_25_7,TOOLSEQ-SD,1,30,40,25,7,45,1.842,cram
cram_30_40_25_7,TOOLSEQ-SD,3,30,40,25,7,45,1.815,cram
cram_30_40_25_7,TOOLSEQ-SD,2,30,40,25,7,45,1.815,cram
cram_30_40_25_7,TOOLSEQ-SD,4,30,40,25,7,45,1.776,cram
cram_30_40_25_7,ORDERED-SD,4,30,40,25,7,52,1.741,cram
cram_30_40_25_7,ORDERED-SD,0,30,40,25,7,52,1.857,cram
cram_30_40_25_7,ORDERED-SD,1,30,40,25,7,52,1.754,cram
cram_30_40_25_7,ORDERED-SD,3,30,40,25,7,52,1.862,cram
cram_30_40_25_7,ORDERED-SD,2,30,40,25,7,52,1.769,cram
cram_30_40_25_7,RANDOM-SD,4,30,40,25,7,51,1.586,cram
cram_30_40_25_7,RANDOM-SD,2,30,40,25,7,51,1.622,cram
cram_30_40_25_7,RANDOM-SD,3,30,40,25,7,51,1.653,cram
cram_30_40_25_7,RANDOM-SD,1,30,40,25,7,51,1.59,cram
cram_30_40_25_7,RANDOM-SD,0,30,40,25,7,51,1.554,cram
cram_30_40_25_8,TOOLSEQ-SD,0,30,40,25,8,51,1.946,cram
cram_30_40_25_8,TOOLSEQ-SD,1,30,40,25,8,51,1.597,cram
cram_30_40_25_8,TOOLSEQ-SD,3,30,40,25,8,51,1.719,cram
cram_30_40_25_8,TOOLSEQ-SD,2,30,40,25,8,51,1.67,cram
cram_30_40_25_8,TOOLSEQ-SD,4,30,40,25,8,51,1.686,cram
cram_30_40_25_8,ORDERED-SD,4,30,40,25,8,64,1.568,cram
cram_30_40_25_8,ORDERED-SD,0,30,40,25,8,64,1.8,cram
cram_30_40_25_8,ORDERED-SD,1,30,40,25,8,64,1.658,cram
cram_30_40_25_8,ORDERED-SD,3,30,40,25,8,64,1.467,cram
cram_30_40_25_8,ORDERED-SD,2,30,40,25,8,64,1.496,cram
cram_30_40_25_8,RANDOM-SD,4,30,40,25,8,63,1.82,cram
cram_30_40_25_8,RANDOM-SD,2,30,40,25,8,63,1.717,cram
cram_30_40_25_8,RANDOM-SD,3,30,40,25,8,63,1.643,cram
cram_30_40_25_8,RANDOM-SD,1,30,40,25,8,63,1.711,cram
cram_30_40_25_8,RANDOM-SD,0,30,40,25,8,63,1.784,cram
cram_30_40_25_9,TOOLSEQ-SD,0,30,40,25,9,30,2.204,cram
cram_30_40_25_9,TOOLSEQ-SD,1,30,40,25,9,30,1.72,cram
cram_30_40_25_9,TOOLSEQ-SD,3,30,40,25,9,30,1.73,cram
cram_30_40_25_9,TOOLSEQ-SD,2,30,40,25,9,30,1.693,cram
cram_30_40_25_9,TOOLSEQ-SD,4,30,40,25,9,30,1.705,cram
cram_30_40_25_9,ORDERED-SD,4,30,40,25,9,45,1.584,cram
cram_30_40_25_9,ORDERED-SD,0,30,40,25,9,45,2.001,cram
cram_30_40_25_9,ORDERED-SD,1,30,40,25,9,45,1.625,cram
cram_30_40_25_9,ORDERED-SD,3,30,40,25,9,45,1.532,cram
cram_30_40_25_9,ORDERED-SD,2,30,40,25,9,45,1.636,cram
cram_30_40_25_9,RANDOM-SD,4,30,40,25,9,50,1.585,cram
cram_30_40_25_9,RANDOM-SD,2,30,40,25,9,50,1.628,cram
cram_30_40_25_9,RANDOM-SD,3,30,40,25,9,50,1.561,cram
cram_30_40_25_9,RANDOM-SD,1,30,40,25,9,50,1.627,cram
cram_30_40_25_9,RANDOM-SD,0,30,40,25,9,50,2.022,cram
cram_30_40_25_10,TOOLSEQ-SD,0,30,40,25,10,38,2.246,cram
cram_30_40_25_10,TOOLSEQ-SD,1,30,40,25,10,38,2.442,cram
cram_30_40_25_10,TOOLSEQ-SD,3,30,40,25,10,38,2.483,cram
cram_30_40_25_10,TOOLSEQ-SD,2,30,40,25,10,38,2.385,cram
cram_30_40_25_10,TOOLSEQ-SD,4,30,40,25,10,38,2.404,cram
cram_30_40_25_10,ORDERED-SD,4,30,40,25,10,52,2.065,cram
cram_30_40_25_10,ORDERED-SD,0,30,40,25,10,52,2.105,cram
cram_30_40_25_10,ORDERED-SD,1,30,40,25,10,52,1.628,cram
cram_30_40_25_10,ORDERED-SD,3,30,40,25,10,52,1.699,cram
cram_30_40_25_10,ORDERED-SD,2,30,40,25,10,52,1.71,cram
cram_30_40_25_10,RANDOM-SD,4,30,40,25,10,48,1.677,cram
cram_30_40_25_10,RANDOM-SD,2,30,40,25,10,48,1.596,cram
cram_30_40_25_10,RANDOM-SD,3,30,40,25,10,48,1.676,cram
cram_30_40_25_10,RANDOM-SD,1,30,40,25,10,48,1.575,cram
cram_30_40_25_10,RANDOM-SD,0,30,40,25,10,48,1.891,cram
cat_15_20_12_1,TOOLSEQ-SD,0,15,20,12,1,9,1.685,cat
cat_15_20_12_1,TOOLSEQ-SD,1,15,20,12,1,9,1.578,cat
cat_15_20_12_1,TOOLSEQ-SD,3,15,20,12,1,9,1.71,cat
cat_15_20_12_1,TOOLSEQ-SD,2,15,20,12,1,9,1.692,cat
cat_15_20_12_1,TOOLSEQ-SD,4,15,20,12,1,9,1.712,cat
cat_15_20_12_1,ORDERED-SD,4,15,20,12,1,9,1.601,cat
cat_15_20_12_1,ORDERED-SD,0,15,20,12,1,9,1.728,cat
cat_15_20_12_1,ORDERED-SD,1,15,20,12,1,9,1.587,cat
cat_15_20_12_1,ORDERED-SD,3,15,20,12,1,9,1.605,cat
cat_15_20_12_1,ORDERED-SD,2,15,20,12,1,9,1.541,cat
cat_15_20_12_1,RANDOM-SD,4,15,20,12,1,9,1.478,cat
cat_15_20_12_1,RANDOM-SD,2,15,20,12,1,9,1.476,cat
cat_15_20_12_1,RANDOM-SD,3,15,20,12,1,9,1.518,cat
cat_15_20_12_1,RANDOM-SD,1,15,20,12,1,9,1.79,cat
cat_15_20_12_1,RANDOM-SD,0,15,20,12,1,9,1.471,cat
cat_15_20_12_2,TOOLSEQ-SD,0,15,20,12,2,9,1.596,cat
cat_15_20_12_2,TOOLSEQ-SD,1,15,20,12,2,9,1.632,cat
cat_15_20_12_2,TOOLSEQ-SD,3,15,20,12,2,9,1.582,cat
cat_15_20_12_2,TOOLSEQ-SD,2,15,20,12,2,9,1.608,cat
cat_15_20_12_2,TOOLSEQ-SD,4,15,20,12,2,9,1.689,cat
cat_15_20_12_2,ORDERED-SD,4,15,20,12,2,12,1.642,cat
cat_15_20_12_2,ORDERED-SD,0,15,20,12,2,12,1.547,cat
cat_15_20_12_2,ORDERED-SD,1,15,20,12,2,12,1.513,cat
cat_15_20_12_2,ORDERED-SD,3,15,20,12,2,12,1.518,cat
cat_15_20_12_2,ORDERED-SD,2,15,20,12,2,12,1.633,cat
cat_15_20_12_2,RANDOM-SD,4,15,20,12,2,11,1.713,cat
cat_15_20_12_2,RANDOM-SD,2,15,20,12,2,11,1.781,cat
cat_15_20_12_2,RANDOM-SD,3,15,20,12,2,11,1.576,cat
cat_15_20_12_2,RANDOM-SD,1,15,20,12,2,11,1.766,cat
cat_15_20_12_2,RANDOM-SD,0,15,20,12,2,11,1.735,cat
cat_15_20_12_3,TOOLSEQ-SD,0,15,20,12,3,8,1.612,cat
cat_15_20_12_3,TOOLSEQ-SD,1,15,20,12,3,8,1.654,cat
cat_15_20_12_3,TOOLSEQ-SD,3,15,20,12,3,8,1.577,cat
cat_15_20_12_3,TOOLSEQ-SD,2,15,20,12,3,8,1.685,cat
cat_15_20_12_3,TOOLSEQ-SD,4,15,20,12,3,8,1.584,cat
cat_15_20_12_3,ORDERED-SD,4,15,20,12,3,9,1.616,cat
cat_15_20_12_3,ORDERED-SD,0,15,20,12,3,9,1.578,cat
cat_15_20_12_3,ORDERED-SD,1,15,20,12,3,9,1.532,cat
cat_15_20_12_3,ORDERED-SD,3,15,20,12,3,9,1.643,cat
cat_15_20_12_3,ORDERED-SD,2,15,20,12,3,9,1.532,cat
cat_15_20_12_3,RANDOM-SD,4,15,20,12,3,8,1.684,cat
cat_15_20_12_3,RANDOM-SD,2,15,20,12,3,8,1.791,cat
cat_15_20_12_3,RANDOM-SD,3,15,20,12,3,8,1.765,cat
cat_15_20_12_3,RANDOM-SD,1,15,20,12,3,8,1.621,cat
cat_15_20_12_3,RANDOM-SD,0,15,20,12,3,8,1.623,cat
cat_15_20_12_4,TOOLSEQ-SD,0,15,20,12,4,6,1.466,cat
cat_15_20_12_4,TOOLSEQ-SD,1,15,20,12,4,6,1.558,cat
cat_15_20_12_4,TOOLSEQ-SD,3,15,20,12,4,6,1.454,cat
cat_15_20_12_4,TOOLSEQ-SD,2,15,20,12,4,6,1.548,cat
cat_15_20_12_4,TOOLSEQ-SD,4,15,20,12,4,6,1.464,cat
cat_15_20_12_4,ORDERED-SD,4,15,20,12,4,7,1.676,cat
cat_15_20_12_4,ORDERED-SD,0,15,20,12,4,7,1.483,cat
cat_15_20_12_4,ORDERED-SD,1,15,20,12,4,7,1.594,cat
cat_15_20_12_4,ORDERED-SD,3,15,20,12,4,7,1.624,cat
cat_15_20_12_4,ORDERED-SD,2,15,20,12,4,7,1.639,cat
cat_15_20_12_4,RANDOM-SD,4,15,20,12,4,8,1.44,cat
cat_15_20_12_4,RANDOM-SD,2,15,20,12,4,8,1.411,cat
cat_15_20_12_4,RANDOM-SD,3,15,20,12,4,8,1.415,cat
cat_15_20_12_4,RANDOM-SD,1,15,20,12,4,8,1.413,cat
cat_15_20_12_4,RANDOM-SD,0,15,20,12,4,8,1.528,cat
cat_15_20_12_5,TOOLSEQ-SD,0,15,20,12,5,8,1.597,cat
cat_15_20_12_5,TOOLSEQ-SD,1,15,20,12,5,8,1.696,cat
cat_15_20_12_5,TOOLSEQ-SD,3,15,20,12,5,8,1.703,cat
cat_15_20_12_5,TOOLSEQ-SD,2,15,20,12,5,8,1.607,cat
cat_15_20_12_5,TOOLSEQ-SD,4,15,20,12,5,8,1.466,cat
cat_15_20_12_5,ORDERED-SD,4,15,20,12,5,8,1.617,cat
cat_15_20_12_5,ORDERED-SD,0,15,20,12,5,8,1.574,cat
cat_15_20_12_5,ORDERED-SD,1,15,20,12,5,8,1.756,cat
cat_15_20_12_5,ORDERED-SD,3,15,20,12,5,8,1.605,cat
cat_15_20_12_5,ORDERED-SD,2,15,20,12,5,8,1.588,cat
cat_15_20_12_5,RANDOM-SD,4,15,20,12,5,11,1.503,cat
cat_15_20_12_5,RANDOM-SD,2,15,20,12,5,11,1.405,cat
cat_15_20_12_5,RANDOM-SD,3,15,20,12,5,11,1.558,cat
cat_15_20_12_5,RANDOM-SD,1,15,20,12,5,11,1.383,cat
cat_15_20_12_5,RANDOM-SD,0,15,20,12,5,11,1.5,cat
cat_15_20_12_6,TOOLSEQ-SD,0,15,20,12,6,7,1.677,cat
cat_15_20_12_6,TOOLSEQ-SD,1,15,20,12,6,7,1.81,cat
cat_15_20_12_6,TOOLSEQ-SD,3,15,20,12,6,7,1.793,cat
cat_15_20_12_6,TOOLSEQ-SD,2,15,20,12,6,7,1.801,cat
cat_15_20_12_6,TOOLSEQ-SD,4,15,20,12,6,7,1.772,cat
cat_15_20_12_6,ORDERED-SD,4,15,20,12,6,12,1.656,cat
cat_15_20_12_6,ORDERED-SD,0,15,20,12,6,12,1.643,cat
cat_15_20_12_6,ORDERED-SD,1,15,20,12,6,12,1.542,cat
cat_15_20_12_6,ORDERED-SD,3,15,20,12,6,12,1.679,cat
cat_15_20_12_6,ORDERED-SD,2,15,20,12,6,12,1.673,cat
cat_15_20_12_6,RANDOM-SD,4,15,20,12,6,10,1.671,cat
cat_15_20_12_6,RANDOM-SD,2,15,20,12,6,10,1.492,cat
cat_15_20_12_6,RANDOM-SD,3,15,20,12,6,10,1.678,cat
cat_15_20_12_6,RANDOM-SD,1,15,20,12,6,10,1.514,cat
cat_15_20_12_6,RANDOM-SD,0,15,20,12,6,10,1.634,cat
cat_15_20_12_7,TOOLSEQ-SD,0,15,20,12,7,6,1.532,cat
cat_15_20_12_7,TOOLSEQ-SD,1,15,20,12,7,6,1.712,cat
cat_15_20_12_7,TOOLSEQ-SD,3,15,20,12,7,6,1.675,cat
cat_15_20_12_7,TOOLSEQ-SD,2,15,20,12,7,6,1.648,cat
cat_15_20_12_7,TOOLSEQ-SD,4,15,20,12,7,6,1.617,cat
cat_15_20_12_7,ORDERED-SD,4,15,20,12,7,6,1.609,cat
cat_15_20_12_7,ORDERED-SD,0,15,20,12,7,6,1.594,cat
cat_15_20_12_7,ORDERED-SD,1,15,20,12,7,6,1.702,cat
cat_15_20_12_7,ORDERED-SD,3,15,20,12,7,6,1.697,cat
cat_15_20_12_7,ORDERED-SD,2,15,20,12,7,6,1.751,cat
cat_15_20_12_7,RANDOM-SD,4,15,20,12,7,9,1.676,cat
cat_15_20_12_7,RANDOM-SD,2,15,20,12,7,9,1.697,cat
cat_15_20_12_7,RANDOM-SD,3,15,20,12,7,9,1.786,cat
cat_15_20_12_7,RANDOM-SD,1,15,20,12,7,9,1.709,cat
cat_15_20_12_7,RANDOM-SD,0,15,20,12,7,9,1.629,cat
cat_15_20_12_8,TOOLSEQ-SD,0,15,20,12,8,7,1.506,cat
cat_15_20_12_8,TOOLSEQ-SD,1,15,20,12,8,7,1.209,cat
cat_15_20_12_8,TOOLSEQ-SD,3,15,20,12,8,7,1.268,cat
cat_15_20_12_8,TOOLSEQ-SD,2,15,20,12,8,7,1.285,cat
cat_15_20_12_8,TOOLSEQ-SD,4,15,20,12,8,7,1.297,cat
cat_15_20_12_8,ORDERED-SD,4,15,20,12,8,12,1.165,cat
cat_15_20_12_8,ORDERED-SD,0,15,20,12,8,12,1.542,cat
cat_15_20_12_8,ORDERED-SD,1,15,20,12,8,12,1.202,cat
cat_15_20_12_8,ORDERED-SD,3,15,20,12,8,12,1.207,cat
cat_15_20_12_8,ORDERED-SD,2,15,20,12,8,12,1.227,cat
cat_15_20_12_8,RANDOM-SD,4,15,20,12,8,8,1.239,cat
cat_15_20_12_8,RANDOM-SD,2,15,20,12,8,8,1.183,cat
cat_15_20_12_8,RANDOM-SD,3,15,20,12,8,8,1.13,cat
cat_15_20_12_8,RANDOM-SD,1,15,20,12,8,8,1.264,cat
cat_15_20_12_8,RANDOM-SD,0,15,20,12,8,8,1.507,cat
cat_15_20_12_9,TOOLSEQ-SD,0,15,20,12,9,7,1.421,cat
cat_15_20_12_9,TOOLSEQ-SD,1,15,20,12,9,7,1.349,cat
cat_15_20_12_9,TOOLSEQ-SD,3,15,20,12,9,7,1.304,cat
cat_15_20_12_9,TOOLSEQ-SD,2,15,20,12,9,7,1.313,cat
cat_15_20_12_9,TOOLSEQ-SD,4,15,20,12,9,7,1.274,cat
cat_15_20_12_9,ORDERED-SD,4,15,20,12,9,12,1.228,cat
cat_15_20_12_9,ORDERED-SD,0,15,20,12,9,12,1.49,cat
cat_15_20_12_9,ORDERED-SD,1,15,20,12,9,12,1.198,cat
cat_15_20_12_9,ORDERED-SD,3,15,20,12,9,12,1.204,cat
cat_15_20_12_9,ORDERED-SD,2,15,20,12,9,12,1.16,cat
cat_15_20_12_9,RANDOM-SD,4,15,20,12,9,8,1.29,cat
cat_15_20_12_9,RANDOM-SD,2,15,20,12,9,8,1.17,cat
cat_15_20_12_9,RANDOM-SD,3,15,20,12,9,8,1.282,cat
cat_15_20_12_9,RANDOM-SD,1,15,20,12,9,8,1.255,cat
cat_15_20_12_9,RANDOM-SD,0,15,20,12,9,8,1.475,cat
cat_15_20_12_10,TOOLSEQ-SD,0,15,20,12,10,10,1.363,cat
cat_15_20_12_10,TOOLSEQ-SD,1,15,20,12,10,10,1.286,cat
cat_15_20_12_10,TOOLSEQ-SD,3,15,20,12,10,10,1.244,cat
cat_15_20_12_10,TOOLSEQ-SD,2,15,20,12,10,10,1.286,cat
cat_15_20_12_10,TOOLSEQ-SD,4,15,20,12,10,10,1.261,cat
cat_15_20_12_10,ORDERED-SD,4,15,20,12,10,12,1.35,cat
cat_15_20_12_10,ORDERED-SD,0,15,20,12,10,12,1.377,cat
cat_15_20_12_10,ORDERED-SD,1,15,20,12,10,12,1.292,cat
cat_15_20_12_10,ORDERED-SD,3,15,20,12,10,12,1.31,cat
cat_15_20_12_10,ORDERED-SD,2,15,20,12,10,12,1.296,cat
cat_15_20_12_10,RANDOM-SD,4,15,20,12,10,10,1.365,cat
cat_15_20_12_10,RANDOM-SD,2,15,20,12,10,10,1.265,cat
cat_15_20_12_10,RANDOM-SD,3,15,20,12,10,10,1.391,cat
cat_15_20_12_10,RANDOM-SD,1,15,20,12,10,10,1.259,cat
cat_15_20_12_10,RANDOM-SD,0,15,20,12,10,10,1.472,cat
cat_30_40_17_1,TOOLSEQ-SD,0,30,40,17,1,86,2.018,cat
cat_30_40_17_1,TOOLSEQ-SD,1,30,40,17,1,86,1.801,cat
cat_30_40_17_1,TOOLSEQ-SD,3,30,40,17,1,86,1.836,cat
cat_30_40_17_1,TOOLSEQ-SD,2,30,40,17,1,86,1.902,cat
cat_30_40_17_1,TOOLSEQ-SD,4,30,40,17,1,86,1.826,cat
cat_30_40_17_1,ORDERED-SD,4,30,40,17,1,108,1.953,cat
cat_30_40_17_1,ORDERED-SD,0,30,40,17,1,108,2.09,cat
cat_30_40_17_1,ORDERED-SD,1,30,40,17,1,108,1.946,cat
cat_30_40_17_1,ORDERED-SD,3,30,40,17,1,108,1.944,cat
cat_30_40_17_1,ORDERED-SD,2,30,40,17,1,108,1.922,cat
cat_30_40_17_1,RANDOM-SD,4,30,40,17,1,101,2.901,cat
cat_30_40_17_1,RANDOM-SD,2,30,40,17,1,101,2.854,cat
cat_30_40_17_1,RANDOM-SD,3,30,40,17,1,101,2.801,cat
cat_30_40_17_1,RANDOM-SD,1,30,40,17,1,101,2.883,cat
cat_30_40_17_1,RANDOM-SD,0,30,40,17,1,101,3.099,cat
cat_30_40_17_2,TOOLSEQ-SD,0,30,40,17,2,96,2.882,cat
cat_30_40_17_2,TOOLSEQ-SD,1,30,40,17,2,96,2.808,cat
cat_30_40_17_2,TOOLSEQ-SD,3,30,40,17,2,96,2.822,cat
cat_30_40_17_2,TOOLSEQ-SD,2,30,40,17,2,96,2.753,cat
cat_30_40_17_2,TOOLSEQ-SD,4,30,40,17,2,96,2.873,cat
cat_30_40_17_2,ORDERED-SD,4,30,40,17,2,102,2.71,cat
cat_30_40_17_2,ORDERED-SD,0,30,40,17,2,102,2.77,cat
cat_30_40_17_2,ORDERED-SD,1,30,40,17,2,102,2.954,cat
cat_30_40_17_2,ORDERED-SD,3,30,40,17,2,102,2.975,cat
cat_30_40_17_2,ORDERED-SD,2,30,40,17,2,102,2.319,cat
cat_30_40_17_2,RANDOM-SD,4,30,40,17,2,116,1.816,cat
cat_30_40_17_2,RANDOM-SD,2,30,40,17,2,116,1.778,cat
cat_30_40_17_2,RANDOM-SD,3,30,40,17,2,116,1.78,cat
cat_30_40_17_2,RANDOM-SD,1,30,40,17,2,116,1.866,cat
cat_30_40_17_2,RANDOM-SD,0,30,40,17,2,116,1.872,cat
cat_30_40_17_3,TOOLSEQ-SD,0,30,40,17,3,83,1.856,cat
cat_30_40_17_3,TOOLSEQ-SD,1,30,40,17,3,83,1.909,cat
cat_30_40_17_3,TOOLSEQ-SD,3,30,40,17,3,83,1.886,cat
cat_30_40_17_3,TOOLSEQ-SD,2,30,40,17,3,83,1.913,cat
cat_30_40_17_3,TOOLSEQ-SD,4,30,40,17,3,83,1.918,cat
cat_30_40_17_3,ORDERED-SD,4,30,40,17,3,93,2.241,cat
cat_30_40_17_3,ORDERED-SD,0,30,40,17,3,93,2.216,cat
cat_30_40_17_3,ORDERED-SD,1,30,40,17,3,93,2.196,cat
cat_30_40_17_3,ORDERED-SD,3,30,40,17,3,93,2.172,cat
cat_30_40_17_3,ORDERED-SD,2,30,40,17,3,93,2.193,cat
cat_30_40_17_3,RANDOM-SD,4,30,40,17,3,90,2.916,cat
cat_30_40_17_3,RANDOM-SD,2,30,40,17,3,90,2.936,cat
cat_30_40_17_3,RANDOM-SD,3,30,40,17,3,90,2.902,cat
cat_30_40_17_3,RANDOM-SD,1,30,40,17,3,90,3.053,cat
cat_30_40_17_3,RANDOM-SD,0,30,40,17,3,90,3.006,cat
cat_30_40_17_4,TOOLSEQ-SD,0,30,40,17,4,86,2.107,cat
cat_30_40_17_4,TOOLSEQ-SD,1,30,40,17,4,86,1.918,cat
cat_30_40_17_4,TOOLSEQ-SD,3,30,40,17,4,86,2.025,cat
cat_30_40_17_4,TOOLSEQ-SD,2,30,40,17,4,86,2.019,cat
cat_30_40_17_4,TOOLSEQ-SD,4,30,40,17,4,86,2.016,cat
cat_30_40_17_4,ORDERED-SD,4,30,40,17,4,92,3.453,cat
cat_30_40_17_4,ORDERED-SD,0,30,40,17,4,92,3.476,cat
cat_30_40_17_4,ORDERED-SD,1,30,40,17,4,92,3.46,cat
cat_30_40_17_4,ORDERED-SD,3,30,40,17,4,92,3.455,cat
cat_30_40_17_4,ORDERED-SD,2,30,40,17,4,92,3.363,cat
cat_30_40_17_4,RANDOM-SD,4,30,40,17,4,95,3.142,cat
cat_30_40_17_4,RANDOM-SD,2,30,40,17,4,95,2.415,cat
cat_30_40_17_4,RANDOM-SD,3,30,40,17,4,95,2.516,cat
cat_30_40_17_4,RANDOM-SD,1,30,40,17,4,95,2.505,cat
cat_30_40_17_4,RANDOM-SD,0,30,40,17,4,95,3.041,cat
cat_30_40_17_5,TOOLSEQ-SD,0,30,40,17,5,91,1.849,cat
cat_30_40_17_5,TOOLSEQ-SD,1,30,40,17,5,91,1.914,cat
cat_30_40_17_5,TOOLSEQ-SD,3,30,40,17,5,91,1.951,cat
cat_30_40_17_5,TOOLSEQ-SD,2,30,40,17,5,91,1.938,cat
cat_30_40_17_5,TOOLSEQ-SD,4,30,40,17,5,91,1.998,cat
cat_30_40_17_5,ORDERED-SD,4,30,40,17,5,100,1.921,cat
cat_30_40_17_5,ORDERED-SD,0,30,40,17,5,100,1.881,cat
cat_30_40_17_5,ORDERED-SD,1,30,40,17,5,100,1.877,cat
cat_30_40_17_5,ORDERED-SD,3,30,40,17,5,100,1.855,cat
cat_30_40_17_5,ORDERED-SD,2,30,40,17,5,100,1.894,cat
cat_30_40_17_5,RANDOM-SD,4,30,40,17,5,99,1.847,cat
cat_30_40_17_5,RANDOM-SD,2,30,40,17,5,99,1.824,cat
cat_30_40_17_5,RANDOM-SD,3,30,40,17,5,99,1.804,cat
cat_30_40_17_5,RANDOM-SD,1,30,40,17,5,99,1.749,cat
cat_30_40_17_5,RANDOM-SD,0,30,40,17,5,99,1.817,cat
cat_30_40_17_6,TOOLSEQ-SD,0,30,40,17,6,100,1.786,cat
cat_30_40_17_6,TOOLSEQ-SD,1,30,40,17,6,100,1.594,cat
cat_30_40_17_6,TOOLSEQ-SD,3,30,40,17,6,100,1.677,cat
cat_30_40_17_6,TOOLSEQ-SD,2,30,40,17,6,100,1.597,cat
cat_30_40_17_6,TOOLSEQ-SD,4,30,40,17,6,100,1.825,cat
cat_30_40_17_6,ORDERED-SD,4,30,40,17,6,109,2.989,cat
cat_30_40_17_6,ORDERED-SD,0,30,40,17,6,109,3.036,cat
cat_30_40_17_6,ORDERED-SD,1,30,40,17,6,109,3.159,cat
cat_30_40_17_6,ORDERED-SD,3,30,40,17,6,109,2.9,cat
cat_30_40_17_6,ORDERED-SD,2,30,40,17,6,109,3.105,cat
cat_30_40_17_6,RANDOM-SD,4,30,40,17,6,100,4.141,cat
cat_30_40_17_6,RANDOM-SD,2,30,40,17,6,100,3.406,cat
cat_30_40_17_6,RANDOM-SD,3,30,40,17,6,100,3.411,cat
cat_30_40_17_6,RANDOM-SD,1,30,40,17,6,100,3.29,cat
cat_30_40_17_6,RANDOM-SD,0,30,40,17,6,100,3.815,cat
cat_30_40_17_7,TOOLSEQ-SD,0,30,40,17,7,92,2.202,cat
cat_30_40_17_7,TOOLSEQ-SD,1,30,40,17,7,92,2.26,cat
cat_30_40_17_7,TOOLSEQ-SD,3,30,40,17,7,92,2.179,cat
cat_30_40_17_7,TOOLSEQ-SD,2,30,40,17,7,92,2.135,cat
cat_30_40_17_7,TOOLSEQ-SD,4,30,40,17,7,92,2.233,cat
cat_30_40_17_7,ORDERED-SD,4,30,40,17,7,117,2.083,cat
cat_30_40_17_7,ORDERED-SD,0,30,40,17,7,117,2.087,cat
cat_30_40_17_7,ORDERED-SD,1,30,40,17,7,117,2.116,cat
cat_30_40_17_7,ORDERED-SD,3,30,40,17,7,117,2.099,cat
cat_30_40_17_7,ORDERED-SD,2,30,40,17,7,117,2.06,cat
cat_30_40_17_7,RANDOM-SD,4,30,40,17,7,116,1.934,cat
cat_30_40_17_7,RANDOM-SD,2,30,40,17,7,116,1.883,cat
cat_30_40_17_7,RANDOM-SD,3,30,40,17,7,116,1.895,cat
cat_30_40_17_7,RANDOM-SD,1,30,40,17,7,116,1.807,cat
cat_30_40_17_7,RANDOM-SD,0,30,40,17,7,116,1.809,cat
cat_30_40_17_8,TOOLSEQ-SD,0,30,40,17,8,87,2.125,cat
cat_30_40_17_8,TOOLSEQ-SD,1,30,40,17,8,87,2.039,cat
cat_30_40_17_8,TOOLSEQ-SD,3,30,40,17,8,87,2.164,cat
cat_30_40_17_8,TOOLSEQ-SD,2,30,40,17,8,87,2.15,cat
cat_30_40_17_8,TOOLSEQ-SD,4,30,40,17,8,87,2.284,cat
cat_30_40_17_8,ORDERED-SD,4,30,40,17,8,89,3.453,cat
cat_30_40_17_8,ORDERED-SD,0,30,40,17,8,89,3.884,cat
cat_30_40_17_8,ORDERED-SD,1,30,40,17,8,89,3.917,cat
cat_30_40_17_8,ORDERED-SD,3,30,40,17,8,89,3.287,cat
cat_30_40_17_8,ORDERED-SD,2,30,40,17,8,89,3.544,cat
cat_30_40_17_8,RANDOM-SD,4,30,40,17,8,83,4.501,cat
cat_30_40_17_8,RANDOM-SD,2,30,40,17,8,83,3.753,cat
cat_30_40_17_8,RANDOM-SD,3,30,40,17,8,83,4.309,cat
cat_30_40_17_8,RANDOM-SD,1,30,40,17,8,83,4.059,cat
cat_30_40_17_8,RANDOM-SD,0,30,40,17,8,83,4.461,cat
cat_30_40_17_9,TOOLSEQ-SD,0,30,40,17,9,86,3.155,cat
cat_30_40_17_9,TOOLSEQ-SD,1,30,40,17,9,86,2.588,cat
cat_30_40_17_9,TOOLSEQ-SD,3,30,40,17,9,86,2.592,cat
cat_30_40_17_9,TOOLSEQ-SD,2,30,40,17,9,86,2.536,cat
cat_30_40_17_9,TOOLSEQ-SD,4,30,40,17,9,86,2.476,cat
cat_30_40_17_9,ORDERED-SD,4,30,40,17,9,97,2.597,cat
cat_30_40_17_9,ORDERED-SD,0,30,40,17,9,97,3.141,cat
cat_30_40_17_9,ORDERED-SD,1,30,40,17,9,97,2.533,cat
cat_30_40_17_9,ORDERED-SD,3,30,40,17,9,97,2.482,cat
cat_30_40_17_9,ORDERED-SD,2,30,40,17,9,97,2.709,cat
cat_30_40_17_9,RANDOM-SD,4,30,40,17,9,96,3.177,cat
cat_30_40_17_9,RANDOM-SD,2,30,40,17,9,96,3.234,cat
cat_30_40_17_9,RANDOM-SD,3,30,40,17,9,96,3.168,cat
cat_30_40_17_9,RANDOM-SD,1,30,40,17,9,96,3.121,cat
cat_30_40_17_9,RANDOM-SD,0,30,40,17,9,96,3.047,cat
cat_30_40_17_9,TEST,0,30,40,17,9,96,1.836,cat
cat_30_40_17_10,TOOLSEQ-SD,0,30,40,17,10,76,2.164,cat
cat_30_40_17_10,TOOLSEQ-SD,1,30,40,17,10,76,2.319,cat
cat_30_40_17_10,TOOLSEQ-SD,3,30,40,17,10,76,2.375,cat
cat_30_40_17_10,TOOLSEQ-SD,2,30,40,17,10,76,2.345,cat
cat_30_40_17_10,TOOLSEQ-SD,4,30,40,17,10,76,2.439,cat
cat_30_40_17_10,ORDERED-SD,4,30,40,17,10,91,2.73,cat
cat_30_40_17_10,ORDERED-SD,0,30,40,17,10,91,2.988,cat
cat_30_40_17_10,ORDERED-SD,1,30,40,17,10,91,2.598,cat
cat_30_40_17_10,ORDERED-SD,3,30,40,17,10,91,2.642,cat
cat_30_40_17_10,ORDERED-SD,2,30,40,17,10,91,2.592,cat
cat_30_40_17_10,RANDOM-SD,4,30,40,17,10,89,2.573,cat
cat_30_40_17_10,RANDOM-SD,2,30,40,17,10,89,2.479,cat
cat_30_40_17_10,RANDOM-SD,3,30,40,17,10,89,2.456,cat
cat_30_40_17_10,RANDOM-SD,1,30,40,17,10,89,2.462,cat
cat_30_40_17_10,RANDOM-SD,0,30,40,17,10,89,2.821,cat
cat_40_60_30_1,TOOLSEQ-SD,0,40,60,30,1,128,2.958,cat
cat_40_60_30_1,TOOLSEQ-SD,1,40,60,30,1,128,2.834,cat
cat_40_60_30_1,TOOLSEQ-SD,3,40,60,30,1,128,2.783,cat
cat_40_60_30_1,TOOLSEQ-SD,2,40,60,30,1,128,2.861,cat
cat_40_60_30_1,TOOLSEQ-SD,4,40,60,30,1,128,2.802,cat
cat_40_60_30_1,ORDERED-SD,4,40,60,30,1,142,2.325,cat
cat_40_60_30_1,ORDERED-SD,0,40,60,30,1,142,2.556,cat
cat_40_60_30_1,ORDERED-SD,1,40,60,30,1,142,2.622,cat
cat_40_60_30_1,ORDERED-SD,3,40,60,30,1,142,2.218,cat
cat_40_60_30_1,ORDERED-SD,2,40,60,30,1,142,2.614,cat
cat_40_60_30_1,RANDOM-SD,4,40,60,30,1,151,3.946,cat
cat_40_60_30_1,RANDOM-SD,2,40,60,30,1,151,3.947,cat
cat_40_60_30_1,RANDOM-SD,3,40,60,30,1,151,3.63,cat
cat_40_60_30_1,RANDOM-SD,1,40,60,30,1,151,4.085,cat
cat_40_60_30_1,RANDOM-SD,0,40,60,30,1,151,4.274,cat
cat_40_60_30_2,TOOLSEQ-SD,0,40,60,30,2,102,3.548,cat
cat_40_60_30_2,TOOLSEQ-SD,1,40,60,30,2,102,2.877,cat
cat_40_60_30_2,TOOLSEQ-SD,3,40,60,30,2,102,2.881,cat
cat_40_60_30_2,TOOLSEQ-SD,2,40,60,30,2,102,2.977,cat
cat_40_60_30_2,TOOLSEQ-SD,4,40,60,30,2,102,3.028,cat
cat_40_60_30_2,ORDERED-SD,4,40,60,30,2,123,2.942,cat
cat_40_60_30_2,ORDERED-SD,0,40,60,30,2,123,3.343,cat
cat_40_60_30_2,ORDERED-SD,1,40,60,30,2,123,2.825,cat
cat_40_60_30_2,ORDERED-SD,3,40,60,30,2,123,3.182,cat
cat_40_60_30_2,ORDERED-SD,2,40,60,30,2,123,2.92,cat
cat_40_60_30_2,RANDOM-SD,4,40,60,30,2,127,3.022,cat
cat_40_60_30_2,RANDOM-SD,2,40,60,30,2,127,3.221,cat
cat_40_60_30_2,RANDOM-SD,3,40,60,30,2,127,3.043,cat
cat_40_60_30_2,RANDOM-SD,1,40,60,30,2,127,3.012,cat
cat_40_60_30_2,RANDOM-SD,0,40,60,30,2,127,3.261,cat
cat_40_60_30_3,TOOLSEQ-SD,0,40,60,30,3,120,3.396,cat
cat_40_60_30_3,TOOLSEQ-SD,1,40,60,30,3,120,3.426,cat
cat_40_60_30_3,TOOLSEQ-SD,3,40,60,30,3,120,3.556,cat
cat_40_60_30_3,TOOLSEQ-SD,2,40,60,30,3,120,3.744,cat
cat_40_60_30_3,TOOLSEQ-SD,4,40,60,30,3,120,3.735,cat
cat_40_60_30_3,ORDERED-SD,4,40,60,30,3,144,3.295,cat
cat_40_60_30_3,ORDERED-SD,0,40,60,30,3,144,3.245,cat
cat_40_60_30_3,ORDERED-SD,1,40,60,30,3,144,2.891,cat
cat_40_60_30_3,ORDERED-SD,3,40,60,30,3,144,2.928,cat
cat_40_60_30_3,ORDERED-SD,2,40,60,30,3,144,2.956,cat
cat_40_60_30_3,RANDOM-SD,4,40,60,30,3,136,3.071,cat
cat_40_60_30_3,RANDOM-SD,2,40,60,30,3,136,2.833,cat
cat_40_60_30_3,RANDOM-SD,3,40,60,30,3,136,2.972,cat
cat_40_60_30_3,RANDOM-SD,1,40,60,30,3,136,2.906,cat
cat_40_60_30_3,RANDOM-SD,0,40,60,30,3,136,3.039,cat
cat_40_60_30_4,TOOLSEQ-SD,0,40,60,30,4,120,4.947,cat
cat_40_60_30_4,TOOLSEQ-SD,1,40,60,30,4,120,5.767,cat
cat_40_60_30_4,TOOLSEQ-SD,3,40,60,30,4,120,5.4,cat
cat_40_60_30_4,TOOLSEQ-SD,2,40,60,30,4,120,5.904,cat
cat_40_60_30_4,TOOLSEQ-SD,4,40,60,30,4,120,5.345,cat
cat_40_60_30_4,ORDERED-SD,4,40,60,30,4,147,4.029,cat
cat_40_60_30_4,ORDERED-SD,0,40,60,30,4,147,3.064,cat
cat_40_60_30_4,ORDERED-SD,1,40,60,30,4,147,4.101,cat
cat_40_60_30_4,ORDERED-SD,3,40,60,30,4,147,4.354,cat
cat_40_60_30_4,ORDERED-SD,2,40,60,30,4,147,4.049,cat
cat_40_60_30_4,RANDOM-SD,4,40,60,30,4,155,3.985,cat
cat_40_60_30_4,RANDOM-SD,2,40,60,30,4,155,3.969,cat
cat_40_60_30_4,RANDOM-SD,3,40,60,30,4,155,3.972,cat
cat_40_60_30_4,RANDOM-SD,1,40,60,30,4,155,3.533,cat
cat_40_60_30_4,RANDOM-SD,0,40,60,30,4,155,2.954,cat
cat_40_60_30_5,TOOLSEQ-SD,0,40,60,30,5,108,3.302,cat
cat_40_60_30_5,TOOLSEQ-SD,1,40,60,30,5,108,3.37,cat
cat_40_60_30_5,TOOLSEQ-SD,3,40,60,30,5,108,3.362,cat
cat_40_60_30_5,TOOLSEQ-SD,2,40,60,30,5,108,3.552,cat
cat_40_60_30_5,TOOLSEQ-SD,4,40,60,30,5,108,3.454,cat
cat_40_60_30_5,ORDERED-SD,4,40,60,30,5,136,3.916,cat
cat_40_60_30_5,ORDERED-SD,0,40,60,30,5,136,3.062,cat
cat_40_60_30_5,ORDERED-SD,1,40,60,30,5,136,3.5,cat
cat_40_60_30_5,ORDERED-SD,3,40,60,30,5,136,3.6,cat
cat_40_60_30_5,ORDERED-SD,2,40,60,30,5,136,3.512,cat
cat_40_60_30_5,RANDOM-SD,4,40,60,30,5,134,3.335,cat
cat_40_60_30_5,RANDOM-SD,2,40,60,30,5,134,4.102,cat
cat_40_60_30_5,RANDOM-SD,3,40,60,30,5,134,3.521,cat
cat_40_60_30_5,RANDOM-SD,1,40,60,30,5,134,3.989,cat
cat_40_60_30_5,RANDOM-SD,0,40,60,30,5,134,3.213,cat
cat_40_60_30_6,TOOLSEQ-SD,0,40,60,30,6,130,3.383,cat
cat_40_60_30_6,TOOLSEQ-SD,1,40,60,30,6,130,3.179,cat
cat_40_60_30_6,TOOLSEQ-SD,3,40,60,30,6,130,2.867,cat
cat_40_60_30_6,TOOLSEQ-SD,2,40,60,30,6,130,2.979,cat
cat_40_60_30_6,TOOLSEQ-SD,4,40,60,30,6,130,3.106,cat
cat_40_60_30_6,ORDERED-SD,4,40,60,30,6,164,2.86,cat
cat_40_60_30_6,ORDERED-SD,0,40,60,30,6,164,3.108,cat
cat_40_60_30_6,ORDERED-SD,1,40,60,30,6,164,2.795,cat
cat_40_60_30_6,ORDERED-SD,3,40,60,30,6,164,2.942,cat
cat_40_60_30_6,ORDERED-SD,2,40,60,30,6,164,2.902,cat
cat_40_60_30_6,RANDOM-SD,4,40,60,30,6,150,2.886,cat
cat_40_60_30_6,RANDOM-SD,2,40,60,30,6,150,3.567,cat
cat_40_60_30_6,RANDOM-SD,3,40,60,30,6,150,3.57,cat
cat_40_60_30_6,RANDOM-SD,1,40,60,30,6,150,3.217,cat
cat_40_60_30_6,RANDOM-SD,0,40,60,30,6,150,2.891,cat
cat_40_60_30_7,TOOLSEQ-SD,0,40,60,30,7,125,4.11,cat
cat_40_60_30_7,TOOLSEQ-SD,1,40,60,30,7,125,3.322,cat
cat_40_60_30_7,TOOLSEQ-SD,3,40,60,30,7,125,3.327,cat
cat_40_60_30_7,TOOLSEQ-SD,2,40,60,30,7,125,3.124,cat
cat_40_60_30_7,TOOLSEQ-SD,4,40,60,30,7,125,3.338,cat
cat_40_60_30_7,ORDERED-SD,4,40,60,30,7,146,3.733,cat
cat_40_60_30_7,ORDERED-SD,0,40,60,30,7,146,4.409,cat
cat_40_60_30_7,ORDERED-SD,1,40,60,30,7,146,3.584,cat
cat_40_60_30_7,ORDERED-SD,3,40,60,30,7,146,3.601,cat
cat_40_60_30_7,ORDERED-SD,2,40,60,30,7,146,3.689,cat
cat_40_60_30_7,RANDOM-SD,4,40,60,30,7,150,3.343,cat
cat_40_60_30_7,RANDOM-SD,2,40,60,30,7,150,3.421,cat
cat_40_60_30_7,RANDOM-SD,3,40,60,30,7,150,3.58,cat
cat_40_60_30_7,RANDOM-SD,1,40,60,30,7,150,3.36,cat
cat_40_60_30_7,RANDOM-SD,0,40,60,30,7,150,3.984,cat
cat_40_60_30_8,TOOLSEQ-SD,0,40,60,30,8,113,3.841,cat
cat_40_60_30_8,TOOLSEQ-SD,1,40,60,30,8,113,3.499,cat
cat_40_60_30_8,TOOLSEQ-SD,3,40,60,30,8,113,3.497,cat
cat_40_60_30_8,TOOLSEQ-SD,2,40,60,30,8,113,3.718,cat
cat_40_60_30_8,TOOLSEQ-SD,4,40,60,30,8,113,3.988,cat
cat_40_60_30_8,ORDERED-SD,4,40,60,30,8,131,2.994,cat
cat_40_60_30_8,ORDERED-SD,0,40,60,30,8,131,2.86,cat
cat_40_60_30_8,ORDERED-SD,1,40,60,30,8,131,2.977,cat
cat_40_60_30_8,ORDERED-SD,3,40,60,30,8,131,2.912,cat
cat_40_60_30_8,ORDERED-SD,2,40,60,30,8,131,2.82,cat
cat_40_60_30_8,RANDOM-SD,4,40,60,30,8,131,2.891,cat
cat_40_60_30_8,RANDOM-SD,2,40,60,30,8,131,2.771,cat
cat_40_60_30_8,RANDOM-SD,3,40,60,30,8,131,2.932,cat
cat_40_60_30_8,RANDOM-SD,1,40,60,30,8,131,2.675,cat
cat_40_60_30_8,RANDOM-SD,0,40,60,30,8,131,3.016,cat
cat_40_60_30_9,TOOLSEQ-SD,0,40,60,30,9,120,2.463,cat
cat_40_60_30_9,TOOLSEQ-SD,1,40,60,30,9,120,4.153,cat
cat_40_60_30_9,TOOLSEQ-SD,3,40,60,30,9,120,3.4,cat
cat_40_60_30_9,TOOLSEQ-SD,2,40,60,30,9,120,4.143,cat
cat_40_60_30_9,TOOLSEQ-SD,4,40,60,30,9,120,3.39,cat
cat_40_60_30_9,ORDERED-SD,4,40,60,30,9,149,4.666,cat
cat_40_60_30_9,ORDERED-SD,0,40,60,30,9,149,3.315,cat
cat_40_60_30_9,ORDERED-SD,1,40,60,30,9,149,4.758,cat
cat_40_60_30_9,ORDERED-SD,3,40,60,30,9,149,4.695,cat
cat_40_60_30_9,ORDERED-SD,2,40,60,30,9,149,4.801,cat
cat_40_60_30_9,RANDOM-SD,4,40,60,30,9,145,3.563,cat
cat_40_60_30_9,RANDOM-SD,2,40,60,30,9,145,3.027,cat
cat_40_60_30_9,RANDOM-SD,3,40,60,30,9,145,3.402,cat
cat_40_60_30_9,RANDOM-SD,1,40,60,30,9,145,3.157,cat
cat_40_60_30_9,RANDOM-SD,0,40,60,30,9,145,2.608,cat
cat_40_60_30_10,TOOLSEQ-SD,0,40,60,30,10,133,2.347,cat
cat_40_60_30_10,TOOLSEQ-SD,1,40,60,30,10,133,4.44,cat
cat_40_60_30_10,TOOLSEQ-SD,3,40,60,30,10,133,4.278,cat
cat_40_60_30_10,TOOLSEQ-SD,2,40,60,30,10,133,4.378,cat
cat_40_60_30_10,TOOLSEQ-SD,4,40,60,30,10,133,3.664,cat
cat_40_60_30_10,ORDERED-SD,4,40,60,30,10,154,3.239,cat
cat_40_60_30_10,ORDERED-SD,0,40,60,30,10,154,2.228,cat
cat_40_60_30_10,ORDERED-SD,1,40,60,30,10,154,3.088,cat
cat_40_60_30_10,ORDERED-SD,3,40,60,30,10,154,3.08,cat
cat_40_60_30_10,ORDERED-SD,2,40,60,30,10,154,2.991,cat
cat_40_60_30_10,RANDOM-SD,4,40,60,30,10,157,3.171,cat
cat_40_60_30_10,RANDOM-SD,2,40,60,30,10,157,3.095,cat
cat_40_60_30_10,RANDOM-SD,3,40,60,30,10,157,3.198,cat
cat_40_60_30_10,RANDOM-SD,1,40,60,30,10,157,3.13,cat
cat_40_60_30_10,RANDOM-SD,0,40,60,30,10,157,2.375,cat
